Order_ID,Order_Date,Customer_ID,Region,Category,Quantity,Price,Discount,Payment_Method,Revenue
1,2024-01-01,1102,North,Fashion,7,2319,0.23,Card,12499.41
2,2024-01-02,1435,North,Sports,7,2824,0.18,Card,16209.760000000002
3,2024-01-03,1860,East,Home,5,1630,0.26,COD,6031.0
4,2024-01-04,1270,West,Electronics,9,3158,0.2,COD,22737.600000000002
5,2024-01-05,1106,North,Home,4,4000,0.12,UPI,14080.0
6,2024-01-06,1071,South,Fashion,3,874,0.27,Net Banking,1914.06
7,2024-01-07,1700,North,Electronics,4,2620,0.07,Card,9746.4
8,2024-01-08,1020,South,Fashion,5,4520,0.21,Net Banking,17854.0
9,2024-01-09,1614,West,Fashion,6,2521,0.26,Card,11193.24
10,2024-01-10,1121,East,Home,3,4205,0.22,Card,9839.7
11,2024-01-11,1466,North,Fashion,2,3759,0.21,Net Banking,5939.22
12,2024-01-12,1214,East,Home,4,3935,0.23,COD,12119.800000000001
13,2024-01-13,1330,North,Electronics,5,2389,0.14,UPI,10272.7
14,2024-01-14,1458,South,Home,4,2323,0.26,Card,6876.08
15,2024-01-15,1087,East,Electronics,3,1974,0.06,COD,5566.679999999999
16,2024-01-16,1372,North,Home,8,2742,0.04,Card,21058.559999999998
17,2024-01-17,1099,South,Sports,4,3743,0.09,UPI,13624.52
18,2024-01-18,1871,East,Sports,2,3634,0.16,Card,6105.12
19,2024-01-19,1663,East,Fashion,2,2570,0.15,UPI,4369.0
20,2024-01-20,1130,North,Home,1,859,0.25,UPI,644.25
21,2024-01-21,1661,North,Home,4,2541,0.12,Card,8944.32
22,2024-01-22,1308,North,Electronics,9,1641,0.15,Card,12553.65
23,2024-01-23,1769,South,Fashion,7,2135,0.0,UPI,14945.0
24,2024-01-24,1343,North,Home,7,4500,0.12,COD,27720.0
25,2024-01-25,1491,East,Fashion,7,2443,0.19,Net Banking,13851.810000000001
26,2024-01-26,1413,East,Sports,8,3861,0.0,UPI,30888.0
27,2024-01-27,1805,North,Home,1,3480,0.08,Card,3201.6000000000004
28,2024-01-28,1385,North,Home,8,506,0.06,Card,3805.12
29,2024-01-29,1191,West,Fashion,4,3767,0.01,COD,14917.32
30,2024-01-30,1955,East,Home,4,2091,0.14,Net Banking,7193.04
31,2024-01-31,1276,South,Fashion,4,3764,0.05,UPI,14303.199999999999
32,2024-02-01,1160,West,Home,6,3106,0.22,UPI,14536.08
33,2024-02-02,1459,North,Electronics,7,3719,0.25,Net Banking,19524.75
34,2024-02-03,1313,North,Fashion,6,3773,0.16,UPI,19015.92
35,2024-02-04,1021,East,Home,1,1413,0.29,Net Banking,1003.2299999999999
36,2024-02-05,1252,North,Sports,8,2511,0.14,Card,17275.68
37,2024-02-06,1747,South,Home,7,1942,0.15,Net Banking,11554.9
38,2024-02-07,1856,East,Sports,6,3554,0.3,UPI,14926.8
39,2024-02-08,1560,North,Sports,6,4046,0.07,Net Banking,22576.68
40,2024-02-09,1474,East,Electronics,5,4721,0.28,COD,16995.6
41,2024-02-10,1058,North,Fashion,6,3428,0.01,Card,20362.32
42,2024-02-11,1510,North,Home,9,2329,0.13,Card,18236.07
43,2024-02-12,1681,North,Electronics,9,1075,0.02,Net Banking,9481.5
44,2024-02-13,1475,South,Home,8,1429,0.22,UPI,8916.960000000001
45,2024-02-14,1699,South,Sports,9,4259,0.18,COD,31431.420000000002
46,2024-02-15,1975,East,Fashion,8,4199,0.21,Card,26537.68
47,2024-02-16,1782,North,Home,8,1963,0.11,Card,13976.56
48,2024-02-17,1189,North,Home,1,3775,0.11,UPI,3359.75
49,2024-02-18,1957,South,Sports,5,1554,0.01,UPI,7692.3
50,2024-02-19,1686,North,Home,4,2400,0.1,COD,8640.0
51,2024-02-20,1957,South,Home,2,1957,0.28,Net Banking,2818.08
52,2024-02-21,1562,North,Sports,8,1899,0.11,UPI,13520.880000000001
53,2024-02-22,1875,East,Electronics,3,3915,0.25,Net Banking,8808.75
54,2024-02-23,1566,North,Sports,4,942,0.25,COD,2826.0
55,2024-02-24,1243,North,Electronics,7,4150,0.11,Net Banking,25854.5
56,2024-02-25,1831,West,Fashion,9,1678,0.19,Card,12232.62
57,2024-02-26,1504,South,Electronics,2,4958,0.03,Net Banking,9618.52
58,2024-02-27,1130,North,Electronics,3,1757,0.03,COD,5112.87
59,2024-02-28,1484,North,Fashion,4,4134,0.01,COD,16370.64
60,2024-02-29,1818,West,Electronics,1,2341,0.17,COD,1943.03
61,2024-03-01,1646,West,Sports,7,2809,0.13,Net Banking,17106.81
62,2024-03-02,1020,South,Electronics,2,1410,0.16,Card,2368.7999999999997
63,2024-03-03,1840,West,Fashion,5,4840,0.16,UPI,20328.0
64,2024-03-04,1166,East,Sports,1,4509,0.11,Card,4013.01
65,2024-03-05,1273,West,Fashion,3,2669,0.2,Net Banking,6405.6
66,2024-03-06,1387,East,Fashion,2,2672,0.23,Net Banking,4114.88
67,2024-03-07,1600,South,Home,1,623,0.0,UPI,623.0
68,2024-03-08,1315,South,Home,7,3658,0.06,Net Banking,24069.64
69,2024-03-09,1013,South,Fashion,5,1285,0.21,COD,5075.75
70,2024-03-10,1241,South,Fashion,1,2916,0.12,COD,2566.08
71,2024-03-11,1776,South,Fashion,6,1296,0.2,COD,6220.8
72,2024-03-12,1345,East,Home,5,4672,0.1,COD,21024.0
73,2024-03-13,1564,East,Home,3,4654,0.12,COD,12286.56
74,2024-03-14,1897,South,Electronics,7,2436,0.05,Net Banking,16199.4
75,2024-03-15,1339,West,Electronics,9,2656,0.08,UPI,21991.68
76,2024-03-16,1091,North,Fashion,9,4307,0.18,UPI,31785.660000000003
77,2024-03-17,1366,South,Sports,9,1801,0.13,COD,14101.83
78,2024-03-18,1955,West,Sports,2,4663,0.23,Net Banking,7181.02
79,2024-03-19,1454,North,Home,3,3640,0.26,Card,8080.8
80,2024-03-20,1427,South,Home,7,3736,0.16,Card,21967.68
81,2024-03-21,1508,South,Home,5,2852,0.23,Net Banking,10980.2
82,2024-03-22,1775,East,Fashion,2,2432,0.09,COD,4426.24
83,2024-03-23,1942,North,Sports,3,3221,0.12,UPI,8503.44
84,2024-03-24,1034,North,Electronics,6,864,0.21,Net Banking,4095.36
85,2024-03-25,1205,West,Fashion,7,2890,0.12,Card,17802.4
86,2024-03-26,1080,East,Electronics,9,1446,0.18,Card,10671.480000000001
87,2024-03-27,1931,East,Electronics,1,1877,0.06,Card,1764.3799999999999
88,2024-03-28,1561,East,Fashion,7,1939,0.18,COD,11129.86
89,2024-03-29,1871,East,Electronics,8,3680,0.26,Card,21785.6
90,2024-03-30,1387,North,Sports,3,840,0.26,Net Banking,1864.8
91,2024-03-31,1001,North,Electronics,4,3489,0.22,Net Banking,10885.68
92,2024-04-01,1389,South,Sports,6,882,0.22,Card,4127.76
93,2024-04-02,1565,South,Sports,7,2056,0.17,Net Banking,11945.359999999999
94,2024-04-03,1105,East,Sports,4,799,0.18,Card,2620.7200000000003
95,2024-04-04,1771,East,Home,8,638,0.04,Card,4899.84
96,2024-04-05,1821,East,Electronics,5,858,0.13,UPI,3732.3
97,2024-04-06,1476,South,Fashion,1,2022,0.14,COD,1738.92
98,2024-04-07,1702,West,Fashion,4,3956,0.29,COD,11235.039999999999
99,2024-04-08,1401,West,Electronics,3,2127,0.13,UPI,5551.47
100,2024-04-09,1729,South,Home,9,1803,0.16,UPI,13630.68
101,2024-04-10,1555,South,Home,8,1634,0.16,COD,10980.48
102,2024-04-11,1161,South,Sports,1,2686,0.19,Card,2175.6600000000003
103,2024-04-12,1201,South,Electronics,6,3670,0.22,Card,17175.600000000002
104,2024-04-13,1957,South,Electronics,9,4335,0.07,COD,36283.95
105,2024-04-14,1995,South,Fashion,7,2651,0.16,Card,15587.88
106,2024-04-15,1269,East,Electronics,4,1737,0.25,UPI,5211.0
107,2024-04-16,1862,East,Home,1,4235,0.14,Card,3642.1
108,2024-04-17,1815,East,Electronics,2,3334,0.08,Card,6134.56
109,2024-04-18,1270,East,Fashion,5,4760,0.2,Net Banking,19040.0
110,2024-04-19,1455,South,Sports,5,1498,0.25,Net Banking,5617.5
111,2024-04-20,1461,West,Fashion,8,3067,0.02,Net Banking,24045.28
112,2024-04-21,1726,North,Fashion,6,1807,0.23,Card,8348.34
113,2024-04-22,1251,South,Sports,8,1156,0.25,COD,6936.0
114,2024-04-23,1701,North,Fashion,2,3160,0.14,UPI,5435.2
115,2024-04-24,1295,West,Fashion,3,2711,0.29,Card,5774.429999999999
116,2024-04-25,1724,East,Electronics,6,2409,0.24,COD,10985.04
117,2024-04-26,1719,West,Electronics,3,4230,0.23,Card,9771.300000000001
118,2024-04-27,1748,South,Sports,6,2546,0.22,UPI,11915.28
119,2024-04-28,1337,East,Electronics,6,3662,0.05,Card,20873.399999999998
120,2024-04-29,1878,South,Electronics,2,1640,0.07,UPI,3050.3999999999996
121,2024-04-30,1052,East,Fashion,7,766,0.14,Card,4611.32
122,2024-05-01,1791,North,Home,2,2345,0.08,UPI,4314.8
123,2024-05-02,1921,North,Electronics,6,2208,0.12,Card,11658.24
124,2024-05-03,1216,North,Home,1,4130,0.27,UPI,3014.9
125,2024-05-04,1763,West,Electronics,3,3711,0.25,Net Banking,8349.75
126,2024-05-05,1187,South,Electronics,2,2793,0.19,Card,4524.66
127,2024-05-06,1379,West,Sports,7,4232,0.26,Card,21921.76
128,2024-05-07,1492,North,Sports,4,4329,0.24,COD,13160.16
129,2024-05-08,1040,South,Sports,8,2010,0.13,COD,13989.6
130,2024-05-09,1156,North,Home,6,975,0.06,UPI,5499.0
131,2024-05-10,1014,West,Fashion,4,1476,0.15,Card,5018.4
132,2024-05-11,1812,West,Electronics,5,1707,0.22,UPI,6657.3
133,2024-05-12,1064,West,Electronics,9,2460,0.13,Net Banking,19261.8
134,2024-05-13,1856,North,Electronics,7,1057,0.2,COD,5919.200000000001
135,2024-05-14,1838,South,Home,9,1382,0.03,UPI,12064.859999999999
136,2024-05-15,1520,South,Sports,7,2694,0.22,UPI,14709.24
137,2024-05-16,1343,North,Fashion,1,3167,0.24,COD,2406.92
138,2024-05-17,1128,South,Home,8,2110,0.21,Card,13335.2
139,2024-05-18,1647,North,Sports,4,3988,0.29,UPI,11325.92
140,2024-05-19,1471,South,Home,3,2954,0.25,COD,6646.5
141,2024-05-20,1062,East,Fashion,7,4994,0.27,Card,25519.34
142,2024-05-21,1138,East,Sports,3,2446,0.28,Net Banking,5283.36
143,2024-05-22,1498,West,Home,8,3308,0.24,COD,20112.64
144,2024-05-23,1592,East,Fashion,6,4325,0.2,UPI,20760.0
145,2024-05-24,1391,East,Electronics,5,4036,0.0,Net Banking,20180.0
146,2024-05-25,1674,East,Fashion,4,4302,0.14,Card,14798.88
147,2024-05-26,1418,North,Electronics,8,4677,0.17,Card,31055.28
148,2024-05-27,1288,East,Home,8,2470,0.09,COD,17981.600000000002
149,2024-05-28,1378,East,Sports,1,4322,0.1,COD,3889.8
150,2024-05-29,1772,West,Sports,9,3319,0.29,COD,21208.41
151,2024-05-30,1489,East,Home,5,1402,0.27,Card,5117.3
152,2024-05-31,1230,East,Sports,4,864,0.25,Net Banking,2592.0
153,2024-06-01,1040,South,Sports,6,4758,0.12,Card,25122.24
154,2024-06-02,1027,West,Electronics,6,3619,0.0,UPI,21714.0
155,2024-06-03,1134,West,Home,2,3058,0.02,Card,5993.68
156,2024-06-04,1200,West,Fashion,8,2363,0.09,UPI,17202.64
157,2024-06-05,1839,West,Electronics,7,615,0.0,Net Banking,4305.0
158,2024-06-06,1779,West,Home,1,2884,0.01,COD,2855.16
159,2024-06-07,1929,West,Electronics,5,4435,0.27,COD,16187.75
160,2024-06-08,1032,North,Fashion,6,2990,0.21,Card,14172.6
161,2024-06-09,1047,East,Fashion,4,1442,0.09,COD,5248.88
162,2024-06-10,1502,West,Home,2,2224,0.04,Net Banking,4270.08
163,2024-06-11,1406,East,Fashion,4,2834,0.15,COD,9635.6
164,2024-06-12,1573,East,Electronics,1,3267,0.0,Card,3267.0
165,2024-06-13,1727,North,Fashion,7,1637,0.28,Net Banking,8250.48
166,2024-06-14,1804,West,Electronics,2,3027,0.12,UPI,5327.52
167,2024-06-15,1098,South,Electronics,2,4617,0.12,Card,8125.92
168,2024-06-16,1683,North,Fashion,9,3920,0.12,UPI,31046.4
169,2024-06-17,1871,South,Home,5,4406,0.02,Net Banking,21589.399999999998
170,2024-06-18,1725,East,Sports,2,4137,0.19,Card,6701.9400000000005
171,2024-06-19,1986,East,Fashion,9,3453,0.22,Card,24240.06
172,2024-06-20,1546,North,Electronics,9,2867,0.2,Net Banking,20642.4
173,2024-06-21,1960,North,Electronics,1,4721,0.04,COD,4532.16
174,2024-06-22,1738,South,Fashion,3,776,0.17,Card,1932.24
175,2024-06-23,1612,West,Home,4,2499,0.17,Card,8296.68
176,2024-06-24,1942,South,Home,7,1727,0.26,UPI,8945.86
177,2024-06-25,1461,North,Electronics,4,4252,0.11,COD,15137.12
178,2024-06-26,1642,South,Electronics,2,4235,0.11,UPI,7538.3
179,2024-06-27,1768,North,Home,7,1195,0.19,UPI,6775.650000000001
180,2024-06-28,1004,South,Sports,6,1809,0.19,COD,8791.74
181,2024-06-29,1217,North,Fashion,3,4652,0.14,COD,12002.16
182,2024-06-30,1502,North,Electronics,6,3734,0.13,Net Banking,19491.48
183,2024-07-01,1766,North,Electronics,6,4614,0.15,COD,23531.399999999998
184,2024-07-02,1397,West,Home,5,2811,0.26,Card,10400.7
185,2024-07-03,1870,South,Fashion,4,3341,0.14,COD,11493.039999999999
186,2024-07-04,1794,South,Home,1,4708,0.28,Net Banking,3389.7599999999998
187,2024-07-05,1392,South,Fashion,6,4059,0.15,Net Banking,20700.899999999998
188,2024-07-06,1206,North,Fashion,2,3898,0.28,Net Banking,5613.12
189,2024-07-07,1014,South,Fashion,3,1041,0.25,COD,2342.25
190,2024-07-08,1857,South,Electronics,8,3194,0.11,COD,22741.28
191,2024-07-09,1553,North,Sports,6,1588,0.26,UPI,7050.72
192,2024-07-10,1891,East,Home,3,3863,0.03,UPI,11241.33
193,2024-07-11,1460,North,Sports,7,524,0.28,Card,2640.96
194,2024-07-12,1690,South,Home,4,2072,0.19,UPI,6713.280000000001
195,2024-07-13,1574,North,Fashion,9,3458,0.02,Card,30499.559999999998
196,2024-07-14,1863,East,Electronics,5,4736,0.19,Net Banking,19180.800000000003
197,2024-07-15,1742,North,Sports,3,2267,0.29,UPI,4828.71
198,2024-07-16,1240,South,Electronics,2,2735,0.02,COD,5360.599999999999
199,2024-07-17,1563,East,Home,2,700,0.17,UPI,1162.0
200,2024-07-18,1095,West,Electronics,3,3698,0.22,Card,8653.32
201,2024-07-19,1899,South,Electronics,2,756,0.24,UPI,1149.1200000000001
202,2024-07-20,1733,East,Sports,4,4247,0.12,Net Banking,14949.44
203,2024-07-21,1484,East,Fashion,2,2741,0.06,COD,5153.08
204,2024-07-22,1406,West,Electronics,9,3675,0.01,Card,32744.25
205,2024-07-23,1230,North,Fashion,2,4106,0.17,COD,6815.96
206,2024-07-24,1748,North,Home,9,3836,0.14,COD,29690.64
207,2024-07-25,1654,South,Electronics,6,913,0.28,Card,3944.16
208,2024-07-26,1170,West,Sports,1,2514,0.02,COD,2463.72
209,2024-07-27,1540,North,Home,4,1881,0.21,COD,5943.96
210,2024-07-28,1035,West,Home,1,1598,0.01,UPI,1582.02
211,2024-07-29,1524,North,Sports,6,3926,0.05,COD,22378.2
212,2024-07-30,1159,East,Electronics,4,4155,0.14,COD,14293.199999999999
213,2024-07-31,1838,North,Electronics,3,1409,0.14,COD,3635.22
214,2024-08-01,1698,West,Home,3,687,0.21,COD,1628.19
215,2024-08-02,1242,East,Electronics,9,4544,0.27,Card,29854.079999999998
216,2024-08-03,1085,East,Fashion,6,4256,0.19,Net Banking,20684.16
217,2024-08-04,1795,East,Sports,9,2515,0.29,UPI,16070.849999999999
218,2024-08-05,1577,West,Fashion,5,2592,0.26,COD,9590.4
219,2024-08-06,1681,South,Electronics,2,4144,0.18,COD,6796.160000000001
220,2024-08-07,1556,South,Home,8,2630,0.25,Card,15780.0
221,2024-08-08,1573,South,Sports,5,857,0.19,Net Banking,3470.8500000000004
222,2024-08-09,1952,West,Electronics,2,2922,0.02,COD,5727.12
223,2024-08-10,1645,East,Electronics,4,4757,0.22,Card,14841.84
224,2024-08-11,1795,South,Home,9,1997,0.03,UPI,17433.81
225,2024-08-12,1027,West,Home,4,2658,0.18,UPI,8718.24
226,2024-08-13,1619,South,Fashion,4,3055,0.21,COD,9653.800000000001
227,2024-08-14,1555,North,Sports,2,2842,0.02,COD,5570.32
228,2024-08-15,1339,South,Sports,6,3451,0.07,Net Banking,19256.579999999998
229,2024-08-16,1797,South,Home,2,1738,0.27,Net Banking,2537.48
230,2024-08-17,1957,East,Fashion,7,1473,0.18,COD,8455.02
231,2024-08-18,1330,West,Sports,3,4465,0.07,Card,12457.349999999999
232,2024-08-19,1639,East,Home,3,1550,0.21,Net Banking,3673.5
233,2024-08-20,1505,East,Electronics,5,4201,0.18,COD,17224.100000000002
234,2024-08-21,1347,East,Sports,3,3280,0.15,Net Banking,8364.0
235,2024-08-22,1472,East,Fashion,2,2088,0.29,COD,2964.96
236,2024-08-23,1230,East,Fashion,9,4378,0.21,UPI,31127.58
237,2024-08-24,1189,South,Fashion,2,2868,0.11,COD,5105.04
238,2024-08-25,1224,East,Electronics,2,936,0.24,UPI,1422.72
239,2024-08-26,1384,East,Sports,8,3328,0.27,Net Banking,19435.52
240,2024-08-27,1376,West,Sports,9,2056,0.04,COD,17763.84
241,2024-08-28,1282,North,Electronics,7,4358,0.06,Net Banking,28675.64
242,2024-08-29,1957,South,Sports,3,1804,0.06,UPI,5087.28
243,2024-08-30,1632,South,Electronics,9,2884,0.21,COD,20505.24
244,2024-08-31,1627,South,Electronics,3,682,0.18,Net Banking,1677.72
245,2024-09-01,1972,East,Electronics,5,2089,0.19,UPI,8460.45
246,2024-09-02,1744,East,Fashion,9,2087,0.28,Net Banking,13523.76
247,2024-09-03,1258,East,Sports,3,1159,0.23,Card,2677.29
248,2024-09-04,1358,West,Electronics,7,659,0.04,UPI,4428.48
249,2024-09-05,1709,North,Sports,1,4453,0.1,UPI,4007.7000000000003
250,2024-09-06,1455,East,Fashion,4,1511,0.13,UPI,5258.28
251,2024-09-07,1410,North,Electronics,4,552,0.12,COD,1943.04
252,2024-09-08,1648,West,Home,7,2807,0.2,COD,15719.2
253,2024-09-09,1317,South,Fashion,8,1728,0.27,COD,10091.52
254,2024-09-10,1676,East,Home,1,1535,0.09,Card,1396.8500000000001
255,2024-09-11,1224,North,Sports,5,4202,0.17,Card,17438.3
256,2024-09-12,1818,North,Sports,7,4545,0.24,UPI,24179.4
257,2024-09-13,1233,East,Fashion,4,4949,0.12,Card,17420.48
258,2024-09-14,1683,South,Sports,4,1764,0.05,Net Banking,6703.2
259,2024-09-15,1663,South,Home,4,2384,0.14,UPI,8200.96
260,2024-09-16,1974,South,Electronics,6,2309,0.02,UPI,13576.92
261,2024-09-17,1826,West,Electronics,7,3667,0.28,Net Banking,18481.68
262,2024-09-18,1373,North,Electronics,2,4297,0.02,UPI,8422.119999999999
263,2024-09-19,1671,North,Fashion,5,2841,0.13,Card,12358.35
264,2024-09-20,1607,North,Sports,4,3914,0.16,COD,13151.039999999999
265,2024-09-21,1471,West,Home,3,1317,0.3,Net Banking,2765.7
266,2024-09-22,1232,North,Sports,7,2937,0.05,Card,19531.05
267,2024-09-23,1691,West,Sports,6,1388,0.03,Net Banking,8078.16
268,2024-09-24,1112,South,Sports,7,1167,0.0,Net Banking,8169.0
269,2024-09-25,1829,East,Electronics,5,3124,0.05,UPI,14839.0
270,2024-09-26,1496,North,Home,6,4732,0.06,UPI,26688.48
271,2024-09-27,1441,North,Home,5,1318,0.19,Card,5337.900000000001
272,2024-09-28,1563,South,Sports,7,2688,0.07,Net Banking,17498.879999999997
273,2024-09-29,1267,East,Electronics,2,1606,0.01,UPI,3179.88
274,2024-09-30,1509,West,Electronics,5,2724,0.25,UPI,10215.0
275,2024-10-01,1806,East,Home,6,697,0.11,Net Banking,3721.98
276,2024-10-02,1385,South,Electronics,6,3171,0.11,Card,16933.14
277,2024-10-03,1386,South,Electronics,5,3992,0.09,Card,18163.600000000002
278,2024-10-04,1112,East,Electronics,7,2948,0.29,Net Banking,14651.56
279,2024-10-05,1612,West,Fashion,8,970,0.05,Card,7372.0
280,2024-10-06,1624,West,Sports,7,2448,0.27,UPI,12509.279999999999
281,2024-10-07,1951,North,Home,5,4399,0.23,Net Banking,16936.15
282,2024-10-08,1080,West,Home,1,2510,0.02,UPI,2459.8
283,2024-10-09,1698,East,Fashion,5,4300,0.3,COD,15049.999999999998
284,2024-10-10,1112,South,Sports,2,4618,0.08,COD,8497.12
285,2024-10-11,1001,North,Home,5,4296,0.03,Card,20835.6
286,2024-10-12,1641,North,Electronics,5,4488,0.25,COD,16830.0
287,2024-10-13,1219,South,Home,2,734,0.21,UPI,1159.72
288,2024-10-14,1565,West,Electronics,5,1428,0.19,COD,5783.400000000001
289,2024-10-15,1854,South,Fashion,4,4107,0.05,UPI,15606.599999999999
290,2024-10-16,1996,West,Electronics,1,1022,0.14,Card,878.92
291,2024-10-17,1735,South,Home,3,4023,0.23,Card,9293.130000000001
292,2024-10-18,1224,East,Home,1,2129,0.09,UPI,1937.39
293,2024-10-19,1384,West,Home,5,1816,0.09,COD,8262.800000000001
294,2024-10-20,1402,East,Fashion,4,3357,0.0,Card,13428.0
295,2024-10-21,1637,North,Fashion,7,1624,0.05,Net Banking,10799.6
296,2024-10-22,1129,South,Sports,5,3087,0.26,Card,11421.9
297,2024-10-23,1052,North,Home,4,1523,0.13,COD,5300.04
298,2024-10-24,1683,North,Electronics,2,1878,0.3,Net Banking,2629.2
299,2024-10-25,1729,North,Fashion,4,3874,0.12,COD,13636.48
300,2024-10-26,1671,North,Home,2,2019,0.21,UPI,3190.02
301,2024-10-27,1709,South,Home,8,726,0.08,Net Banking,5343.360000000001
302,2024-10-28,1415,North,Fashion,3,1391,0.11,COD,3713.9700000000003
303,2024-10-29,1246,South,Sports,9,4572,0.06,Net Banking,38679.119999999995
304,2024-10-30,1835,South,Fashion,4,2757,0.1,COD,9925.2
305,2024-10-31,1438,East,Fashion,6,3288,0.16,Net Banking,16571.52
306,2024-11-01,1202,West,Electronics,5,896,0.3,COD,3136.0
307,2024-11-02,1183,West,Electronics,1,2578,0.2,UPI,2062.4
308,2024-11-03,1122,South,Sports,9,4924,0.06,Net Banking,41657.04
309,2024-11-04,1400,East,Home,1,3737,0.01,Net Banking,3699.63
310,2024-11-05,1766,South,Fashion,8,4393,0.04,Net Banking,33738.24
311,2024-11-06,1293,South,Sports,9,2505,0.17,Net Banking,18712.35
312,2024-11-07,1279,South,Electronics,9,2516,0.23,UPI,17435.88
313,2024-11-08,1836,East,Fashion,1,3671,0.28,Net Banking,2643.12
314,2024-11-09,1883,West,Home,2,3168,0.0,Card,6336.0
315,2024-11-10,1609,East,Electronics,1,2378,0.16,UPI,1997.52
316,2024-11-11,1197,North,Electronics,2,1696,0.14,Card,2917.12
317,2024-11-12,1981,East,Electronics,8,2272,0.2,Net Banking,14540.800000000001
318,2024-11-13,1906,East,Sports,5,661,0.17,COD,2743.15
319,2024-11-14,1510,East,Home,7,4476,0.21,Card,24752.280000000002
320,2024-11-15,1751,East,Fashion,2,2251,0.2,Net Banking,3601.6000000000004
321,2024-11-16,1143,West,Sports,8,1275,0.04,Card,9792.0
322,2024-11-17,1608,North,Sports,6,1439,0.24,Net Banking,6561.84
323,2024-11-18,1200,West,Sports,8,3720,0.04,Net Banking,28569.6
324,2024-11-19,1123,West,Electronics,1,1039,0.21,Net Banking,820.8100000000001
325,2024-11-20,1186,East,Home,1,1961,0.12,COD,1725.68
326,2024-11-21,1325,South,Sports,7,855,0.15,Card,5087.25
327,2024-11-22,1463,South,Fashion,8,4104,0.27,UPI,23967.36
328,2024-11-23,1348,West,Home,3,3823,0.27,UPI,8372.369999999999
329,2024-11-24,1770,West,Fashion,5,734,0.25,UPI,2752.5
330,2024-11-25,1659,East,Home,1,2048,0.15,UPI,1740.8
331,2024-11-26,1763,West,Fashion,7,2596,0.22,Net Banking,14174.16
332,2024-11-27,1954,East,Electronics,5,4713,0.15,Card,20030.25
333,2024-11-28,1931,South,Sports,8,2601,0.26,Card,15397.92
334,2024-11-29,1402,South,Fashion,8,2173,0.12,COD,15297.92
335,2024-11-30,1345,North,Home,9,2600,0.29,Card,16614.0
336,2024-12-01,1962,South,Sports,7,4157,0.28,Card,20951.28
337,2024-12-02,1510,West,Sports,1,4096,0.22,Card,3194.88
338,2024-12-03,1146,South,Home,3,4248,0.08,COD,11724.480000000001
339,2024-12-04,1147,East,Fashion,8,3673,0.04,UPI,28208.64
340,2024-12-05,1863,South,Electronics,3,2315,0.26,Card,5139.3
341,2024-12-06,1710,North,Electronics,8,4341,0.05,COD,32991.6
342,2024-12-07,1819,South,Fashion,1,2505,0.26,COD,1853.7
343,2024-12-08,1488,East,Sports,5,4993,0.15,Net Banking,21220.25
344,2024-12-09,1928,East,Sports,4,1174,0.12,COD,4132.4800000000005
345,2024-12-10,1935,West,Sports,5,886,0.27,UPI,3233.9
346,2024-12-11,1639,South,Sports,8,2658,0.18,Card,17436.48
347,2024-12-12,1550,East,Fashion,4,3161,0.17,COD,10494.519999999999
348,2024-12-13,1337,North,Sports,4,2564,0.17,UPI,8512.48
349,2024-12-14,1871,West,Home,3,4351,0.11,COD,11617.17
350,2024-12-15,1640,North,Sports,7,3753,0.24,COD,19965.96
351,2024-12-16,1778,South,Electronics,3,4766,0.08,COD,13154.16
352,2024-12-17,1987,South,Sports,3,1239,0.28,COD,2676.24
353,2024-12-18,1952,South,Fashion,5,1901,0.27,COD,6938.65
354,2024-12-19,1472,West,Electronics,5,3759,0.1,UPI,16915.5
355,2024-12-20,1945,East,Fashion,6,2777,0.22,Card,12996.36
356,2024-12-21,1150,West,Fashion,8,4404,0.17,Card,29242.559999999998
357,2024-12-22,1414,North,Electronics,6,4423,0.1,Card,23884.2
358,2024-12-23,1989,West,Fashion,1,4714,0.3,Card,3299.7999999999997
359,2024-12-24,1297,North,Fashion,8,3727,0.01,UPI,29517.84
360,2024-12-25,1610,West,Sports,8,3331,0.08,Net Banking,24516.16
361,2024-12-26,1262,East,Home,9,4258,0.16,Net Banking,32190.48
362,2024-12-27,1763,North,Fashion,9,3012,0.16,UPI,22770.719999999998
363,2024-12-28,1143,South,Fashion,2,2651,0.18,UPI,4347.64
364,2024-12-29,1345,South,Fashion,2,4175,0.23,COD,6429.5
365,2024-12-30,1623,West,Sports,3,3245,0.19,COD,7885.35
366,2024-12-31,1571,South,Home,1,4366,0.18,COD,3580.1200000000003
367,2025-01-01,1880,North,Electronics,4,4264,0.02,Card,16714.88
368,2025-01-02,1001,South,Sports,4,2722,0.11,COD,9690.32
369,2025-01-03,1896,East,Sports,9,3292,0.07,Net Banking,27554.039999999997
370,2025-01-04,1303,East,Home,9,2197,0.08,Card,18191.16
371,2025-01-05,1253,West,Home,9,3962,0.17,COD,29596.14
372,2025-01-06,1651,North,Sports,7,4563,0.06,Card,30024.539999999997
373,2025-01-07,1452,East,Electronics,2,2024,0.09,Net Banking,3683.6800000000003
374,2025-01-08,1036,East,Sports,5,532,0.07,COD,2473.7999999999997
375,2025-01-09,1159,North,Home,4,4525,0.28,Net Banking,13032.0
376,2025-01-10,1008,South,Electronics,8,3066,0.28,Net Banking,17660.16
377,2025-01-11,1232,South,Home,2,3303,0.18,Net Banking,5416.92
378,2025-01-12,1098,West,Electronics,6,4396,0.28,COD,18990.719999999998
379,2025-01-13,1658,South,Fashion,5,4209,0.24,UPI,15994.2
380,2025-01-14,1815,North,Home,2,1219,0.18,COD,1999.16
381,2025-01-15,1207,East,Home,1,1472,0.0,Net Banking,1472.0
382,2025-01-16,1130,South,Sports,8,4218,0.23,COD,25982.88
383,2025-01-17,1403,West,Home,2,4902,0.21,Net Banking,7745.160000000001
384,2025-01-18,1151,South,Home,7,2707,0.18,UPI,15538.18
385,2025-01-19,1053,North,Fashion,9,4926,0.23,Card,34137.18
386,2025-01-20,1119,West,Home,9,4820,0.15,UPI,36873.0
387,2025-01-21,1672,South,Fashion,8,3530,0.21,UPI,22309.600000000002
388,2025-01-22,1919,West,Fashion,9,4075,0.28,Card,26406.0
389,2025-01-23,1627,North,Fashion,2,3616,0.11,COD,6436.4800000000005
390,2025-01-24,1586,East,Fashion,6,3785,0.21,Card,17940.9
391,2025-01-25,1624,North,Electronics,4,1143,0.14,COD,3931.92
392,2025-01-26,1967,North,Sports,4,694,0.2,COD,2220.8
393,2025-01-27,1419,North,Electronics,5,4496,0.23,Net Banking,17309.600000000002
394,2025-01-28,1421,North,Home,3,988,0.01,Net Banking,2934.36
395,2025-01-29,1103,East,Electronics,1,2704,0.19,Card,2190.2400000000002
396,2025-01-30,1851,East,Electronics,8,3157,0.07,UPI,23488.079999999998
397,2025-01-31,1253,West,Home,5,3776,0.2,Card,15104.0
398,2025-02-01,1226,South,Home,3,1602,0.14,COD,4133.16
399,2025-02-02,1111,East,Home,7,1741,0.23,Net Banking,9383.99
400,2025-02-03,1509,East,Electronics,7,1015,0.04,Card,6820.8
401,2025-02-04,1472,South,Electronics,1,892,0.19,Card,722.5200000000001
402,2025-02-05,1098,East,Home,9,1130,0.08,Net Banking,9356.4
403,2025-02-06,1152,North,Sports,2,4216,0.26,Net Banking,6239.68
404,2025-02-07,1860,North,Sports,5,2347,0.28,Net Banking,8449.199999999999
405,2025-02-08,1913,South,Fashion,5,3155,0.3,COD,11042.5
406,2025-02-09,1895,West,Home,8,1479,0.24,Net Banking,8992.32
407,2025-02-10,1877,West,Fashion,8,3902,0.23,UPI,24036.32
408,2025-02-11,1337,South,Sports,7,4371,0.06,Card,28761.179999999997
409,2025-02-12,1705,South,Fashion,7,777,0.1,Net Banking,4895.1
410,2025-02-13,1821,North,Home,6,732,0.14,Net Banking,3777.12
411,2025-02-14,1162,West,Home,6,2052,0.23,COD,9480.24
412,2025-02-15,1719,East,Home,9,3770,0.27,COD,24768.899999999998
413,2025-02-16,1956,North,Electronics,6,2909,0.06,Card,16406.76
414,2025-02-17,1680,South,Fashion,2,4012,0.28,UPI,5777.28
415,2025-02-18,1995,West,Sports,2,525,0.21,Card,829.5
416,2025-02-19,1160,East,Sports,5,960,0.18,Net Banking,3936.0000000000005
417,2025-02-20,1579,East,Sports,4,4264,0.06,UPI,16032.64
418,2025-02-21,1800,North,Electronics,2,3931,0.02,UPI,7704.76
419,2025-02-22,1397,West,Electronics,3,3983,0.17,UPI,9917.67
420,2025-02-23,1276,West,Home,7,2494,0.2,UPI,13966.400000000001
421,2025-02-24,1815,South,Sports,8,990,0.06,Card,7444.799999999999
422,2025-02-25,1915,West,Electronics,6,1572,0.17,COD,7828.5599999999995
423,2025-02-26,1503,West,Home,5,3673,0.26,COD,13590.1
424,2025-02-27,1895,North,Sports,1,715,0.25,Net Banking,536.25
425,2025-02-28,1391,West,Fashion,8,2223,0.28,COD,12804.48
426,2025-03-01,1134,East,Home,3,2092,0.11,COD,5585.64
427,2025-03-02,1194,North,Electronics,6,3106,0.1,COD,16772.4
428,2025-03-03,1400,North,Electronics,3,658,0.22,COD,1539.72
429,2025-03-04,1639,South,Home,7,3813,0.13,Net Banking,23221.17
430,2025-03-05,1032,West,Home,7,3341,0.03,Card,22685.39
431,2025-03-06,1687,South,Electronics,9,2276,0.08,UPI,18845.280000000002
432,2025-03-07,1459,East,Fashion,5,2552,0.13,COD,11101.2
433,2025-03-08,1954,North,Sports,8,2795,0.09,Card,20347.600000000002
434,2025-03-09,1882,North,Fashion,8,2196,0.1,COD,15811.2
435,2025-03-10,1469,North,Home,1,3493,0.09,COD,3178.63
436,2025-03-11,1374,East,Fashion,5,2969,0.01,UPI,14696.55
437,2025-03-12,1021,East,Electronics,3,2446,0.19,UPI,5943.780000000001
438,2025-03-13,1749,South,Home,1,4309,0.18,UPI,3533.38
439,2025-03-14,1669,South,Sports,4,3283,0.2,COD,10505.6
440,2025-03-15,1037,South,Electronics,8,4144,0.06,COD,31162.879999999997
441,2025-03-16,1229,West,Electronics,3,3000,0.09,COD,8190.0
442,2025-03-17,1364,North,Sports,2,4145,0.19,UPI,6714.900000000001
443,2025-03-18,1562,North,Sports,9,3145,0.18,Net Banking,23210.100000000002
444,2025-03-19,1437,South,Fashion,5,2849,0.15,Card,12108.25
445,2025-03-20,1775,North,Home,7,2432,0.11,Net Banking,15151.36
446,2025-03-21,1282,South,Sports,2,3794,0.27,COD,5539.24
447,2025-03-22,1026,West,Sports,9,2257,0.1,COD,18281.7
448,2025-03-23,1225,West,Home,9,1616,0.14,Net Banking,12507.84
449,2025-03-24,1276,East,Sports,4,3067,0.2,COD,9814.4
450,2025-03-25,1797,West,Sports,4,3999,0.16,Card,13436.64
451,2025-03-26,1608,South,Fashion,6,992,0.1,COD,5356.8
452,2025-03-27,1283,West,Electronics,6,3806,0.13,Card,19867.32
453,2025-03-28,1878,East,Electronics,1,1119,0.24,Net Banking,850.44
454,2025-03-29,1959,North,Electronics,9,3732,0.08,Net Banking,30900.960000000003
455,2025-03-30,1480,South,Electronics,2,4323,0.04,COD,8300.16
456,2025-03-31,1452,North,Sports,5,2880,0.09,Card,13104.0
457,2025-04-01,1828,East,Home,9,2046,0.25,COD,13810.5
458,2025-04-02,1815,East,Home,4,4063,0.03,UPI,15764.439999999999
459,2025-04-03,1658,East,Fashion,3,2105,0.3,UPI,4420.5
460,2025-04-04,1515,North,Fashion,7,4252,0.16,UPI,25001.76
461,2025-04-05,1546,North,Sports,6,2390,0.3,UPI,10038.0
462,2025-04-06,1191,North,Home,8,1775,0.28,COD,10224.0
463,2025-04-07,1048,North,Home,3,3243,0.14,UPI,8366.94
464,2025-04-08,1511,East,Electronics,5,2993,0.06,Card,14067.099999999999
465,2025-04-09,1016,East,Sports,4,856,0.05,Net Banking,3252.7999999999997
466,2025-04-10,1171,South,Sports,4,1369,0.07,Net Banking,5092.679999999999
467,2025-04-11,1219,South,Electronics,4,1385,0.21,UPI,4376.6
468,2025-04-12,1157,North,Sports,8,2501,0.08,UPI,18407.36
469,2025-04-13,1476,West,Sports,6,1783,0.1,UPI,9628.2
470,2025-04-14,1045,West,Fashion,3,1119,0.13,COD,2920.59
471,2025-04-15,1372,East,Home,5,1382,0.27,Net Banking,5044.3
472,2025-04-16,1517,East,Sports,6,1296,0.06,UPI,7309.44
473,2025-04-17,1098,East,Fashion,5,4142,0.0,Card,20710.0
474,2025-04-18,1891,South,Home,6,3925,0.02,UPI,23079.0
475,2025-04-19,1744,South,Electronics,8,1796,0.27,Net Banking,10488.64
476,2025-04-20,1036,East,Fashion,7,744,0.19,UPI,4218.4800000000005
477,2025-04-21,1279,East,Fashion,5,3395,0.08,Net Banking,15617.0
478,2025-04-22,1348,East,Home,6,1429,0.05,UPI,8145.299999999999
479,2025-04-23,1496,West,Electronics,4,1019,0.09,Card,3709.1600000000003
480,2025-04-24,1301,South,Fashion,9,3712,0.03,UPI,32405.76
481,2025-04-25,1180,West,Sports,4,2909,0.28,Card,8377.92
482,2025-04-26,1606,West,Sports,1,507,0.24,Card,385.32
483,2025-04-27,1098,East,Sports,7,3025,0.14,UPI,18210.5
484,2025-04-28,1699,East,Electronics,7,3923,0.26,Card,20321.14
485,2025-04-29,1992,North,Fashion,4,2519,0.07,COD,9370.679999999998
486,2025-04-30,1115,North,Sports,3,4782,0.22,UPI,11189.880000000001
487,2025-05-01,1190,West,Electronics,8,4167,0.26,UPI,24668.64
488,2025-05-02,1252,South,Sports,5,4171,0.11,Card,18560.95
489,2025-05-03,1980,East,Home,7,3301,0.23,Card,17792.39
490,2025-05-04,1927,East,Fashion,4,585,0.09,UPI,2129.4
491,2025-05-05,1982,West,Fashion,4,3615,0.09,COD,13158.6
492,2025-05-06,1160,North,Electronics,8,4732,0.03,Card,36720.32
493,2025-05-07,1255,South,Electronics,8,2968,0.13,Card,20657.28
494,2025-05-08,1322,North,Fashion,2,4119,0.22,Net Banking,6425.64
495,2025-05-09,1127,North,Sports,2,2136,0.28,COD,3075.8399999999997
496,2025-05-10,1017,North,Sports,3,4083,0.18,COD,10044.18
497,2025-05-11,1792,North,Home,3,4509,0.26,UPI,10009.98
498,2025-05-12,1734,East,Sports,1,3826,0.25,COD,2869.5
499,2025-05-13,1565,East,Electronics,3,2718,0.05,UPI,7746.299999999999
500,2025-05-14,1569,North,Electronics,6,2717,0.15,Net Banking,13856.699999999999
501,2025-05-15,1322,South,Sports,8,2869,0.04,COD,22033.92
502,2025-05-16,1871,West,Electronics,6,4138,0.2,Card,19862.4
503,2025-05-17,1685,South,Fashion,5,3003,0.28,Net Banking,10810.8
504,2025-05-18,1791,South,Fashion,4,1443,0.04,UPI,5541.12
505,2025-05-19,1625,South,Sports,3,3337,0.22,Net Banking,7808.58
506,2025-05-20,1287,North,Fashion,4,3160,0.19,UPI,10238.400000000001
507,2025-05-21,1942,East,Fashion,7,3436,0.18,Net Banking,19722.640000000003
508,2025-05-22,1853,South,Home,1,4944,0.12,UPI,4350.72
509,2025-05-23,1662,North,Home,7,4447,0.11,COD,27704.81
510,2025-05-24,1961,South,Fashion,1,2176,0.01,Card,2154.24
511,2025-05-25,1638,South,Sports,2,1696,0.07,UPI,3154.56
512,2025-05-26,1154,North,Home,4,4605,0.0,Net Banking,18420.0
513,2025-05-27,1489,East,Electronics,1,3287,0.17,UPI,2728.21
514,2025-05-28,1385,East,Electronics,9,1961,0.03,UPI,17119.53
515,2025-05-29,1985,West,Electronics,6,3818,0.26,UPI,16951.92
516,2025-05-30,1784,North,Sports,1,1166,0.16,Net Banking,979.4399999999999
517,2025-05-31,1103,West,Fashion,1,2676,0.21,Card,2114.04
518,2025-06-01,1928,West,Electronics,6,4243,0.12,COD,22403.04
519,2025-06-02,1392,West,Sports,4,1100,0.17,Card,3652.0
520,2025-06-03,1810,East,Home,4,3152,0.28,UPI,9077.76
521,2025-06-04,1245,North,Fashion,6,4922,0.02,Net Banking,28941.36
522,2025-06-05,1175,West,Home,7,4324,0.08,Card,27846.56
523,2025-06-06,1038,North,Sports,9,4406,0.23,UPI,30533.58
524,2025-06-07,1476,North,Electronics,5,1479,0.03,COD,7173.15
525,2025-06-08,1681,East,Electronics,9,2951,0.02,COD,26027.82
526,2025-06-09,1758,West,Sports,4,1128,0.11,COD,4015.68
527,2025-06-10,1537,West,Electronics,2,2129,0.03,UPI,4130.26
528,2025-06-11,1866,North,Fashion,3,4196,0.18,Net Banking,10322.160000000002
529,2025-06-12,1817,South,Sports,1,3930,0.07,Card,3654.8999999999996
530,2025-06-13,1920,East,Home,6,4174,0.27,COD,18282.12
531,2025-06-14,1407,East,Sports,6,4429,0.24,UPI,20196.24
532,2025-06-15,1524,East,Fashion,1,3265,0.21,UPI,2579.35
533,2025-06-16,1827,East,Fashion,3,4869,0.19,Card,11831.67
534,2025-06-17,1505,West,Sports,5,615,0.26,COD,2275.5
535,2025-06-18,1902,West,Sports,3,2503,0.07,UPI,6983.37
536,2025-06-19,1824,South,Electronics,3,1192,0.26,Card,2646.24
537,2025-06-20,1035,East,Fashion,3,3662,0.24,Net Banking,8349.36
538,2025-06-21,1684,East,Sports,5,1605,0.22,Net Banking,6259.5
539,2025-06-22,1019,North,Sports,5,3508,0.17,Net Banking,14558.199999999999
540,2025-06-23,1320,West,Fashion,4,2661,0.07,COD,9898.92
541,2025-06-24,1775,East,Sports,1,653,0.13,Card,568.11
542,2025-06-25,1511,South,Electronics,5,4199,0.24,Card,15956.2
543,2025-06-26,1399,South,Fashion,5,4910,0.01,UPI,24304.5
544,2025-06-27,1653,West,Electronics,4,4286,0.23,UPI,13200.880000000001
545,2025-06-28,1971,South,Electronics,6,1564,0.07,UPI,8727.119999999999
546,2025-06-29,1882,South,Electronics,4,4700,0.04,Card,18048.0
547,2025-06-30,1470,West,Electronics,7,2413,0.03,UPI,16384.27
548,2025-07-01,1142,East,Fashion,7,1716,0.01,Card,11891.88
549,2025-07-02,1091,East,Electronics,2,2901,0.16,Card,4873.679999999999
550,2025-07-03,1353,South,Electronics,3,2272,0.07,Net Banking,6338.879999999999
551,2025-07-04,1833,South,Sports,1,2460,0.3,UPI,1722.0
552,2025-07-05,1799,East,Fashion,8,3280,0.17,Net Banking,21779.2
553,2025-07-06,1726,West,Fashion,9,3371,0.04,COD,29125.44
554,2025-07-07,1958,South,Home,4,1160,0.21,COD,3665.6000000000004
555,2025-07-08,1853,North,Fashion,6,3135,0.27,COD,13731.3
556,2025-07-09,1050,West,Fashion,9,2829,0.22,Card,19859.58
557,2025-07-10,1664,South,Home,6,4454,0.02,Card,26189.52
558,2025-07-11,1697,South,Fashion,9,2950,0.27,Card,19381.5
559,2025-07-12,1574,North,Fashion,4,1632,0.24,UPI,4961.28
560,2025-07-13,1189,North,Fashion,8,1199,0.05,Net Banking,9112.4
561,2025-07-14,1124,East,Fashion,9,2538,0.02,Card,22385.16
562,2025-07-15,1149,West,Home,4,2679,0.17,Net Banking,8894.279999999999
563,2025-07-16,1313,West,Fashion,5,3338,0.05,Net Banking,15855.5
564,2025-07-17,1569,East,Fashion,8,1373,0.25,Net Banking,8238.0
565,2025-07-18,1341,West,Home,6,583,0.11,UPI,3113.2200000000003
566,2025-07-19,1304,West,Sports,7,1922,0.27,UPI,9821.42
567,2025-07-20,1691,West,Electronics,3,3175,0.17,COD,7905.75
568,2025-07-21,1681,West,Sports,7,3680,0.05,COD,24472.0
569,2025-07-22,1837,West,Home,8,4816,0.04,Net Banking,36986.88
570,2025-07-23,1782,North,Electronics,6,4475,0.17,COD,22285.5
571,2025-07-24,1053,West,Home,9,1891,0.23,Net Banking,13104.630000000001
572,2025-07-25,1443,North,Home,6,3718,0.23,UPI,17177.16
573,2025-07-26,1612,West,Fashion,9,4707,0.08,UPI,38973.96
574,2025-07-27,1992,East,Electronics,4,1114,0.06,UPI,4188.639999999999
575,2025-07-28,1263,South,Fashion,8,3471,0.01,Card,27490.32
576,2025-07-29,1052,North,Electronics,4,4065,0.2,Net Banking,13008.0
577,2025-07-30,1571,West,Home,2,4076,0.02,UPI,7988.96
578,2025-07-31,1619,East,Home,9,770,0.13,Net Banking,6029.1
579,2025-08-01,1004,South,Sports,5,4566,0.18,COD,18720.600000000002
580,2025-08-02,1102,North,Electronics,4,2968,0.28,COD,8547.84
581,2025-08-03,1195,South,Fashion,2,1890,0.09,UPI,3439.8
582,2025-08-04,1773,East,Sports,1,3854,0.07,Net Banking,3584.22
583,2025-08-05,1876,North,Sports,7,4635,0.2,UPI,25956.0
584,2025-08-06,1991,South,Sports,6,4107,0.19,COD,19960.02
585,2025-08-07,1883,West,Fashion,2,3083,0.1,UPI,5549.400000000001
586,2025-08-08,1349,North,Sports,8,4573,0.28,Net Banking,26340.48
587,2025-08-09,1046,South,Fashion,4,3575,0.25,COD,10725.0
588,2025-08-10,1866,East,Sports,8,4406,0.07,Card,32780.64
589,2025-08-11,1822,East,Fashion,7,789,0.07,COD,5136.389999999999
590,2025-08-12,1935,North,Home,5,2980,0.15,Card,12665.0
591,2025-08-13,1819,South,Home,8,3752,0.23,UPI,23112.32
592,2025-08-14,1655,North,Home,9,778,0.01,UPI,6931.98
593,2025-08-15,1268,North,Home,5,3424,0.21,Net Banking,13524.800000000001
594,2025-08-16,1369,South,Home,5,1080,0.19,Card,4374.0
595,2025-08-17,1635,South,Sports,2,753,0.07,UPI,1400.58
596,2025-08-18,1105,West,Sports,5,4776,0.2,Card,19104.0
597,2025-08-19,1669,South,Sports,3,1324,0.28,UPI,2859.8399999999997
598,2025-08-20,1658,East,Fashion,7,4332,0.01,COD,30020.76
599,2025-08-21,1656,North,Fashion,5,1199,0.1,UPI,5395.5
600,2025-08-22,1119,North,Fashion,8,1880,0.13,Net Banking,13084.8
601,2025-08-23,1830,East,Fashion,1,4396,0.27,COD,3209.08
602,2025-08-24,1786,South,Home,3,2173,0.29,Net Banking,4628.49
603,2025-08-25,1603,East,Home,3,3227,0.13,COD,8422.47
604,2025-08-26,1057,East,Home,9,3656,0.23,Card,25336.08
605,2025-08-27,1950,West,Electronics,5,3888,0.16,Net Banking,16329.599999999999
606,2025-08-28,1345,East,Sports,9,4807,0.16,UPI,36340.92
607,2025-08-29,1740,North,Fashion,9,883,0.08,Card,7311.240000000001
608,2025-08-30,1473,East,Fashion,1,841,0.07,UPI,782.13
609,2025-08-31,1116,North,Home,2,2487,0.09,COD,4526.34
610,2025-09-01,1829,North,Fashion,5,4559,0.17,COD,18919.85
611,2025-09-02,1790,North,Fashion,4,3609,0.01,UPI,14291.64
612,2025-09-03,1126,South,Sports,9,4582,0.27,UPI,30103.739999999998
613,2025-09-04,1392,West,Home,7,3298,0.05,Card,21931.7
614,2025-09-05,1907,North,Sports,6,3740,0.07,UPI,20869.199999999997
615,2025-09-06,1640,North,Electronics,7,2488,0.16,Net Banking,14629.439999999999
616,2025-09-07,1057,South,Electronics,1,3914,0.21,Net Banking,3092.06
617,2025-09-08,1633,North,Electronics,1,2349,0.03,UPI,2278.5299999999997
618,2025-09-09,1512,East,Home,8,805,0.1,Net Banking,5796.0
619,2025-09-10,1750,East,Fashion,2,4113,0.29,UPI,5840.46
620,2025-09-11,1801,West,Home,9,3249,0.08,Card,26901.72
621,2025-09-12,1095,North,Home,7,1635,0.09,Net Banking,10414.95
622,2025-09-13,1637,South,Fashion,6,705,0.25,Net Banking,3172.5
623,2025-09-14,1117,East,Sports,1,3950,0.02,UPI,3871.0
624,2025-09-15,1559,South,Electronics,1,4311,0.14,Net Banking,3707.46
625,2025-09-16,1600,South,Sports,2,4122,0.11,COD,7337.16
626,2025-09-17,1487,East,Electronics,6,4099,0.09,Card,22380.54
627,2025-09-18,1236,South,Home,6,3051,0.09,Card,16658.46
628,2025-09-19,1884,East,Electronics,2,4808,0.03,Net Banking,9327.52
629,2025-09-20,1896,South,Home,1,809,0.09,Net Banking,736.19
630,2025-09-21,1271,East,Sports,5,3208,0.01,COD,15879.6
631,2025-09-22,1188,North,Home,5,2491,0.23,COD,9590.35
632,2025-09-23,1998,West,Sports,2,771,0.12,Net Banking,1356.96
633,2025-09-24,1703,East,Fashion,6,4142,0.13,Net Banking,21621.24
634,2025-09-25,1446,East,Fashion,9,4586,0.27,COD,30130.02
635,2025-09-26,1580,West,Fashion,2,2322,0.2,UPI,3715.2000000000003
636,2025-09-27,1789,East,Home,2,3773,0.0,COD,7546.0
637,2025-09-28,1860,East,Fashion,3,4849,0.28,UPI,10473.84
638,2025-09-29,1246,South,Electronics,7,1020,0.07,Card,6640.2
639,2025-09-30,1962,West,Sports,6,1476,0.03,Card,8590.32
640,2025-10-01,1075,North,Sports,8,4222,0.23,COD,26007.52
641,2025-10-02,1153,East,Electronics,8,4051,0.15,UPI,27546.8
642,2025-10-03,1655,West,Home,6,4605,0.13,COD,24038.1
643,2025-10-04,1434,South,Home,3,3273,0.07,COD,9131.67
644,2025-10-05,1996,North,Sports,3,3052,0.16,UPI,7691.04
645,2025-10-06,1085,West,Fashion,1,3332,0.08,COD,3065.44
646,2025-10-07,1696,North,Home,7,4407,0.27,Card,22519.77
647,2025-10-08,1284,North,Home,5,652,0.06,Net Banking,3064.3999999999996
648,2025-10-09,1973,North,Electronics,4,3464,0.27,Net Banking,10114.88
649,2025-10-10,1219,East,Electronics,4,3416,0.17,COD,11341.119999999999
650,2025-10-11,1068,East,Fashion,4,3300,0.25,UPI,9900.0
651,2025-10-12,1046,South,Home,6,2252,0.21,UPI,10674.480000000001
652,2025-10-13,1093,South,Home,8,3110,0.21,Card,19655.2
653,2025-10-14,1749,West,Electronics,8,4375,0.1,UPI,31500.0
654,2025-10-15,1957,South,Home,5,1604,0.07,UPI,7458.599999999999
655,2025-10-16,1452,North,Sports,6,3036,0.06,Card,17123.039999999997
656,2025-10-17,1203,North,Electronics,4,4699,0.26,COD,13909.039999999999
657,2025-10-18,1911,East,Fashion,9,4354,0.25,Net Banking,29389.5
658,2025-10-19,1217,North,Electronics,8,3994,0.13,Card,27798.24
659,2025-10-20,1473,West,Home,1,2414,0.04,COD,2317.44
660,2025-10-21,1431,North,Fashion,2,3572,0.11,Card,6358.16
661,2025-10-22,1340,North,Electronics,9,1506,0.19,COD,10978.740000000002
662,2025-10-23,1550,West,Sports,8,906,0.14,Card,6233.28
663,2025-10-24,1611,South,Sports,3,666,0.23,COD,1538.46
664,2025-10-25,1288,South,Electronics,8,1008,0.3,Card,5644.799999999999
665,2025-10-26,1253,West,Sports,1,2161,0.06,COD,2031.34
666,2025-10-27,1733,East,Sports,4,4164,0.14,Card,14324.16
667,2025-10-28,1356,North,Sports,3,3989,0.13,Net Banking,10411.289999999999
668,2025-10-29,1022,West,Fashion,6,1180,0.09,Net Banking,6442.8
669,2025-10-30,1761,North,Sports,7,3024,0.06,UPI,19897.92
670,2025-10-31,1521,East,Sports,4,2620,0.02,COD,10270.4
671,2025-11-01,1757,North,Sports,7,4857,0.27,Card,24819.27
672,2025-11-02,1836,West,Fashion,9,1863,0.13,COD,14587.289999999999
673,2025-11-03,1099,North,Electronics,2,1831,0.15,Net Banking,3112.7
674,2025-11-04,1801,South,Home,3,2792,0.28,COD,6030.719999999999
675,2025-11-05,1179,East,Sports,5,2038,0.23,Card,7846.3
676,2025-11-06,1222,East,Electronics,3,3908,0.04,COD,11255.039999999999
677,2025-11-07,1905,East,Sports,8,1060,0.17,Card,7038.4
678,2025-11-08,1761,West,Fashion,8,1599,0.13,Net Banking,11129.039999999999
679,2025-11-09,1658,East,Electronics,8,2403,0.24,Net Banking,14610.24
680,2025-11-10,1441,South,Fashion,9,674,0.22,Net Banking,4731.4800000000005
681,2025-11-11,1607,West,Sports,4,2656,0.21,UPI,8392.960000000001
682,2025-11-12,1768,South,Sports,5,2730,0.1,Net Banking,12285.0
683,2025-11-13,1324,North,Fashion,5,4787,0.24,COD,18190.6
684,2025-11-14,1515,North,Home,8,4660,0.02,UPI,36534.4
685,2025-11-15,1015,North,Fashion,7,4420,0.05,Net Banking,29393.0
686,2025-11-16,1791,North,Sports,9,1997,0.1,COD,16175.7
687,2025-11-17,1335,South,Fashion,8,4354,0.02,COD,34135.36
688,2025-11-18,1758,West,Home,2,3671,0.07,COD,6828.0599999999995
689,2025-11-19,1257,West,Fashion,4,2067,0.25,Card,6201.0
690,2025-11-20,1496,East,Home,6,1651,0.28,UPI,7132.32
691,2025-11-21,1987,South,Home,2,868,0.09,COD,1579.76
692,2025-11-22,1895,North,Fashion,7,542,0.08,Card,3490.48
693,2025-11-23,1159,South,Fashion,3,2407,0.08,Net Banking,6643.320000000001
694,2025-11-24,1474,East,Electronics,3,3990,0.08,COD,11012.4
695,2025-11-25,1851,East,Sports,2,3035,0.01,Card,6009.3
696,2025-11-26,1663,South,Home,8,4673,0.28,COD,26916.48
697,2025-11-27,1907,South,Electronics,6,3373,0.06,UPI,19023.719999999998
698,2025-11-28,1689,South,Fashion,1,2324,0.13,UPI,2021.8799999999999
699,2025-11-29,1674,West,Sports,1,1793,0.0,Net Banking,1793.0
700,2025-11-30,1379,North,Electronics,7,3886,0.26,COD,20129.48
701,2025-12-01,1544,South,Home,8,3472,0.22,Card,21665.280000000002
702,2025-12-02,1928,South,Electronics,5,4422,0.28,Net Banking,15919.199999999999
703,2025-12-03,1956,South,Home,5,1492,0.23,COD,5744.2
704,2025-12-04,1690,East,Fashion,4,2886,0.09,Net Banking,10505.04
705,2025-12-05,1426,East,Sports,6,2740,0.07,Card,15289.199999999999
706,2025-12-06,1612,West,Sports,6,1976,0.21,Net Banking,9366.24
707,2025-12-07,1267,North,Sports,3,3907,0.11,Net Banking,10431.69
708,2025-12-08,1834,West,Fashion,9,889,0.17,Net Banking,6640.83
709,2025-12-09,1576,North,Home,7,1499,0.0,COD,10493.0
710,2025-12-10,1416,East,Fashion,1,2355,0.02,Card,2307.9
711,2025-12-11,1167,East,Sports,7,1158,0.16,UPI,6809.04
712,2025-12-12,1841,East,Fashion,5,3263,0.17,COD,13541.449999999999
713,2025-12-13,1042,West,Fashion,5,4163,0.23,UPI,16027.550000000001
714,2025-12-14,1555,South,Fashion,2,1981,0.04,UPI,3803.52
715,2025-12-15,1284,South,Home,4,4231,0.15,COD,14385.4
716,2025-12-16,1396,East,Electronics,6,951,0.06,COD,5363.639999999999
717,2025-12-17,1011,South,Electronics,7,2975,0.03,Card,20200.25
718,2025-12-18,1606,South,Fashion,5,3722,0.12,Card,16376.8
719,2025-12-19,1301,West,Electronics,9,2037,0.05,Net Banking,17416.35
720,2025-12-20,1897,North,Electronics,3,3593,0.07,UPI,10024.47
721,2025-12-21,1252,East,Fashion,1,1382,0.1,Card,1243.8
722,2025-12-22,1498,East,Fashion,4,4908,0.08,Net Banking,18061.440000000002
723,2025-12-23,1753,West,Sports,9,4568,0.03,Card,39878.64
724,2025-12-24,1034,West,Electronics,4,3066,0.03,COD,11896.08
725,2025-12-25,1726,South,Home,2,3777,0.06,Card,7100.759999999999
726,2025-12-26,1848,East,Fashion,5,874,0.02,UPI,4282.6
727,2025-12-27,1089,North,Sports,3,4197,0.19,Card,10198.710000000001
728,2025-12-28,1775,West,Home,9,3562,0.09,UPI,29172.780000000002
729,2025-12-29,1604,North,Electronics,4,3750,0.08,COD,13800.0
730,2025-12-30,1921,North,Sports,6,612,0.1,UPI,3304.8
731,2025-12-31,1969,East,Fashion,2,3697,0.2,Card,5915.200000000001
732,2026-01-01,1601,East,Home,6,2878,0.26,Net Banking,12778.32
733,2026-01-02,1417,West,Fashion,3,2424,0.23,COD,5599.4400000000005
734,2026-01-03,1114,East,Electronics,9,639,0.22,Card,4485.78
735,2026-01-04,1616,East,Home,2,1924,0.15,COD,3270.7999999999997
736,2026-01-05,1902,East,Electronics,9,3449,0.21,COD,24522.39
737,2026-01-06,1195,North,Electronics,5,3668,0.17,Card,15222.199999999999
738,2026-01-07,1825,West,Sports,8,1016,0.06,Card,7640.32
739,2026-01-08,1500,South,Fashion,2,3116,0.06,Net Banking,5858.08
740,2026-01-09,1625,North,Home,6,1387,0.09,COD,7573.02
741,2026-01-10,1492,East,Electronics,3,3604,0.27,COD,7892.76
742,2026-01-11,1074,North,Electronics,5,549,0.16,Card,2305.7999999999997
743,2026-01-12,1412,East,Home,8,4451,0.22,UPI,27774.24
744,2026-01-13,1375,East,Electronics,1,4060,0.1,Card,3654.0
745,2026-01-14,1419,North,Sports,5,518,0.12,COD,2279.2
746,2026-01-15,1728,West,Sports,3,1973,0.04,Card,5682.24
747,2026-01-16,1276,East,Sports,4,4561,0.05,Net Banking,17331.8
748,2026-01-17,1760,West,Sports,2,3106,0.25,UPI,4659.0
749,2026-01-18,1675,South,Electronics,9,951,0.18,Card,7018.38
750,2026-01-19,1393,East,Home,3,4265,0.1,Net Banking,11515.5
751,2026-01-20,1868,West,Home,2,2938,0.24,COD,4465.76
752,2026-01-21,1456,West,Home,9,4810,0.07,Card,40259.7
753,2026-01-22,1919,South,Home,7,2049,0.29,COD,10183.529999999999
754,2026-01-23,1191,West,Fashion,6,3974,0.1,Net Banking,21459.600000000002
755,2026-01-24,1738,West,Home,1,627,0.1,COD,564.3000000000001
756,2026-01-25,1688,South,Fashion,5,3261,0.09,Net Banking,14837.550000000001
757,2026-01-26,1098,East,Fashion,3,4956,0.04,Net Banking,14273.279999999999
758,2026-01-27,1547,West,Sports,1,1915,0.03,Net Banking,1857.55
759,2026-01-28,1977,West,Fashion,4,701,0.19,Card,2271.2400000000002
760,2026-01-29,1998,West,Electronics,2,2869,0.26,COD,4246.12
761,2026-01-30,1095,North,Fashion,2,1017,0.24,COD,1545.84
762,2026-01-31,1663,South,Sports,3,1841,0.04,UPI,5302.08
763,2026-02-01,1662,North,Fashion,8,2488,0.16,UPI,16719.36
764,2026-02-02,1189,South,Electronics,8,4045,0.03,UPI,31389.2
765,2026-02-03,1735,East,Electronics,7,4302,0.01,UPI,29812.86
766,2026-02-04,1036,East,Electronics,6,3775,0.2,COD,18120.0
767,2026-02-05,1779,West,Sports,9,4154,0.16,Net Banking,31404.239999999998
768,2026-02-06,1368,South,Sports,4,2934,0.02,Net Banking,11501.28
769,2026-02-07,1694,East,Home,1,707,0.01,Card,699.93
770,2026-02-08,1524,South,Sports,8,3133,0.3,Net Banking,17544.8
771,2026-02-09,1278,East,Electronics,7,4617,0.01,COD,31995.81
772,2026-02-10,1216,North,Electronics,7,653,0.13,COD,3976.77
773,2026-02-11,1866,East,Sports,3,3866,0.15,COD,9858.3
774,2026-02-12,1872,North,Fashion,4,4814,0.04,Card,18485.76
775,2026-02-13,1797,East,Sports,9,2018,0.05,UPI,17253.899999999998
776,2026-02-14,1272,West,Sports,6,3100,0.11,Net Banking,16554.0
777,2026-02-15,1880,North,Electronics,5,2695,0.23,COD,10375.75
778,2026-02-16,1061,East,Home,3,4998,0.15,COD,12744.9
779,2026-02-17,1595,West,Electronics,9,4054,0.19,UPI,29553.660000000003
780,2026-02-18,1879,North,Home,5,2914,0.3,COD,10199.0
781,2026-02-19,1728,West,Electronics,5,3349,0.23,Net Banking,12893.65
782,2026-02-20,1341,South,Sports,4,2242,0.13,Card,7802.16
783,2026-02-21,1396,South,Electronics,4,1806,0.13,COD,6284.88
784,2026-02-22,1698,North,Electronics,1,4349,0.19,Net Banking,3522.69
785,2026-02-23,1018,East,Electronics,7,4668,0.2,COD,26140.800000000003
786,2026-02-24,1176,North,Sports,9,4695,0.15,UPI,35916.75
787,2026-02-25,1611,West,Sports,3,3055,0.19,COD,7423.650000000001
788,2026-02-26,1395,East,Sports,2,2805,0.01,COD,5553.9
789,2026-02-27,1444,South,Sports,3,1588,0.13,Card,4144.68
790,2026-02-28,1232,East,Home,1,3142,0.08,UPI,2890.6400000000003
791,2026-03-01,1914,South,Home,6,1677,0.04,UPI,9659.52
792,2026-03-02,1075,East,Fashion,7,3494,0.03,Card,23724.26
793,2026-03-03,1264,East,Sports,2,1059,0.18,COD,1736.7600000000002
794,2026-03-04,1454,East,Home,8,3464,0.16,Net Banking,23278.079999999998
795,2026-03-05,1795,West,Electronics,6,1771,0.08,UPI,9775.92
796,2026-03-06,1717,West,Sports,4,2313,0.14,UPI,7956.72
797,2026-03-07,1734,North,Fashion,5,3415,0.15,COD,14513.75
798,2026-03-08,1383,North,Fashion,8,1109,0.06,COD,8339.68
799,2026-03-09,1563,South,Fashion,3,2961,0.2,UPI,7106.400000000001
800,2026-03-10,1850,West,Electronics,3,4620,0.23,COD,10672.2
801,2026-03-11,1505,South,Home,4,783,0.24,Net Banking,2380.32
802,2026-03-12,1366,North,Electronics,1,3428,0.18,UPI,2810.96
803,2026-03-13,1143,South,Sports,9,4896,0.15,Net Banking,37454.4
804,2026-03-14,1884,North,Fashion,8,1591,0.02,Net Banking,12473.44
805,2026-03-15,1068,West,Electronics,8,1316,0.09,COD,9580.48
806,2026-03-16,1098,East,Electronics,6,582,0.03,Net Banking,3387.24
807,2026-03-17,1395,West,Home,7,2420,0.29,COD,12027.4
808,2026-03-18,1024,South,Home,6,3991,0.04,Card,22988.16
809,2026-03-19,1947,South,Fashion,9,3644,0.05,COD,31156.199999999997
810,2026-03-20,1890,West,Electronics,3,2593,0.27,Net Banking,5678.67
811,2026-03-21,1468,West,Electronics,3,675,0.28,Card,1458.0
812,2026-03-22,1483,North,Home,3,3204,0.23,COD,7401.24
813,2026-03-23,1564,South,Electronics,3,869,0.0,Net Banking,2607.0
814,2026-03-24,1150,South,Electronics,9,2318,0.0,UPI,20862.0
815,2026-03-25,1143,West,Electronics,4,2601,0.11,UPI,9259.56
816,2026-03-26,1568,East,Home,7,3990,0.04,COD,26812.8
817,2026-03-27,1038,South,Fashion,9,2279,0.01,COD,20305.89
818,2026-03-28,1108,East,Sports,7,1864,0.14,UPI,11221.28
819,2026-03-29,1692,West,Fashion,9,4962,0.28,Net Banking,32153.76
820,2026-03-30,1041,West,Sports,3,3842,0.1,Net Banking,10373.4
821,2026-03-31,1185,North,Electronics,4,4176,0.2,Net Banking,13363.2
822,2026-04-01,1934,South,Fashion,8,2926,0.2,COD,18726.4
823,2026-04-02,1397,East,Sports,6,572,0.08,Card,3157.44
824,2026-04-03,1222,North,Home,5,3462,0.2,Card,13848.0
825,2026-04-04,1633,South,Home,4,1359,0.06,Card,5109.84
826,2026-04-05,1132,North,Fashion,8,4356,0.04,Card,33454.08
827,2026-04-06,1162,West,Fashion,1,4638,0.21,Card,3664.02
828,2026-04-07,1214,South,Electronics,9,2924,0.03,COD,25526.52
829,2026-04-08,1732,North,Fashion,1,1564,0.3,COD,1094.8
830,2026-04-09,1234,North,Electronics,8,2717,0.06,Card,20431.84
831,2026-04-10,1842,East,Electronics,4,4517,0.18,COD,14815.76
832,2026-04-11,1657,North,Home,9,2759,0.12,COD,21851.28
833,2026-04-12,1750,South,Home,5,4251,0.04,Card,20404.8
834,2026-04-13,1587,South,Sports,3,2586,0.01,Net Banking,7680.42
835,2026-04-14,1008,East,Home,9,868,0.19,COD,6327.72
836,2026-04-15,1073,South,Home,9,3304,0.24,Net Banking,22599.36
837,2026-04-16,1953,West,Fashion,4,650,0.25,COD,1950.0
838,2026-04-17,1491,South,Home,4,1634,0.14,COD,5620.96
839,2026-04-18,1912,South,Sports,8,3284,0.23,Card,20229.44
840,2026-04-19,1252,North,Fashion,2,4664,0.2,COD,7462.400000000001
841,2026-04-20,1229,North,Sports,9,2846,0.22,UPI,19978.920000000002
842,2026-04-21,1518,South,Home,6,2750,0.15,UPI,14025.0
843,2026-04-22,1173,East,Sports,9,560,0.19,Card,4082.4
844,2026-04-23,1652,North,Fashion,8,3510,0.24,Net Banking,21340.8
845,2026-04-24,1167,East,Electronics,7,4401,0.12,Net Banking,27110.16
846,2026-04-25,1169,South,Sports,1,1837,0.24,Net Banking,1396.1200000000001
847,2026-04-26,1392,South,Sports,3,1684,0.18,UPI,4142.64
848,2026-04-27,1945,West,Fashion,2,4926,0.05,Net Banking,9359.4
849,2026-04-28,1794,North,Fashion,5,2051,0.01,Net Banking,10152.45
850,2026-04-29,1633,South,Sports,5,4933,0.11,Card,21951.85
851,2026-04-30,1193,West,Home,5,2129,0.16,Net Banking,8941.8
852,2026-05-01,1516,North,Sports,4,1827,0.25,UPI,5481.0
853,2026-05-02,1028,South,Fashion,5,2026,0.04,UPI,9724.8
854,2026-05-03,1164,South,Electronics,3,2173,0.24,UPI,4954.4400000000005
855,2026-05-04,1421,North,Electronics,1,1861,0.26,Card,1377.1399999999999
856,2026-05-05,1338,North,Home,5,2073,0.05,Card,9846.75
857,2026-05-06,1647,North,Sports,9,3186,0.26,COD,21218.76
858,2026-05-07,1495,South,Electronics,9,4870,0.3,Net Banking,30680.999999999996
859,2026-05-08,1364,South,Sports,4,2866,0.22,Card,8941.92
860,2026-05-09,1832,West,Fashion,3,4257,0.24,UPI,9705.960000000001
861,2026-05-10,1341,East,Electronics,1,2934,0.3,UPI,2053.7999999999997
862,2026-05-11,1499,North,Home,2,2493,0.18,Card,4088.5200000000004
863,2026-05-12,1656,South,Fashion,8,1369,0.09,Card,9966.32
864,2026-05-13,1510,South,Home,1,1514,0.25,Card,1135.5
865,2026-05-14,1326,North,Fashion,8,2411,0.18,COD,15816.160000000002
866,2026-05-15,1216,East,Electronics,7,1102,0.17,UPI,6402.62
867,2026-05-16,1300,North,Home,8,4321,0.08,COD,31802.56
868,2026-05-17,1131,East,Home,6,1190,0.23,COD,5497.8
869,2026-05-18,1803,South,Fashion,9,993,0.02,Net Banking,8758.26
870,2026-05-19,1069,East,Home,3,989,0.28,UPI,2136.24
871,2026-05-20,1251,West,Fashion,4,3056,0.1,UPI,11001.6
872,2026-05-21,1414,South,Fashion,6,4985,0.04,Card,28713.6
873,2026-05-22,1786,West,Fashion,8,794,0.13,Card,5526.24
874,2026-05-23,1444,North,Fashion,5,4527,0.01,Net Banking,22408.65
875,2026-05-24,1875,North,Electronics,3,3343,0.21,COD,7922.910000000001
876,2026-05-25,1181,North,Fashion,6,3412,0.27,Card,14944.56
877,2026-05-26,1166,East,Sports,4,2217,0.25,Card,6651.0
878,2026-05-27,1090,South,Home,9,3096,0.04,UPI,26749.44
879,2026-05-28,1713,North,Sports,3,2373,0.04,UPI,6834.24
880,2026-05-29,1857,North,Electronics,4,3758,0.24,Card,11424.32
881,2026-05-30,1530,South,Sports,7,3317,0.28,UPI,16717.68
882,2026-05-31,1038,North,Home,7,944,0.14,Net Banking,5682.88
883,2026-06-01,1125,West,Sports,4,4141,0.15,Card,14079.4
884,2026-06-02,1450,South,Electronics,6,4958,0.1,UPI,26773.2
885,2026-06-03,1172,South,Fashion,3,1241,0.27,Net Banking,2717.79
886,2026-06-04,1652,South,Sports,6,2541,0.19,UPI,12349.26
887,2026-06-05,1753,West,Electronics,2,1179,0.09,UPI,2145.78
888,2026-06-06,1219,South,Electronics,8,2967,0.09,UPI,21599.760000000002
889,2026-06-07,1637,West,Home,2,4197,0.27,Card,6127.62
890,2026-06-08,1057,South,Home,7,1858,0.0,COD,13006.0
891,2026-06-09,1659,East,Sports,9,562,0.1,UPI,4552.2
892,2026-06-10,1475,North,Fashion,1,3059,0.17,Net Banking,2538.97
893,2026-06-11,1455,East,Electronics,8,4269,0.04,Card,32785.92
894,2026-06-12,1828,North,Sports,7,4851,0.03,Card,32938.29
895,2026-06-13,1894,West,Electronics,6,634,0.24,Net Banking,2891.04
896,2026-06-14,1360,East,Electronics,6,4144,0.27,UPI,18150.72
897,2026-06-15,1934,South,Fashion,6,2635,0.25,COD,11857.5
898,2026-06-16,1000,North,Fashion,9,3778,0.27,UPI,24821.46
899,2026-06-17,1386,North,Sports,2,1322,0.17,Net Banking,2194.52
900,2026-06-18,1972,East,Fashion,1,3574,0.24,Card,2716.2400000000002
901,2026-06-19,1347,West,Fashion,6,3481,0.12,COD,18379.68
902,2026-06-20,1189,East,Sports,8,620,0.2,Card,3968.0
903,2026-06-21,1504,West,Fashion,3,2137,0.3,Net Banking,4487.7
904,2026-06-22,1190,West,Home,1,1424,0.07,UPI,1324.32
905,2026-06-23,1507,North,Electronics,9,1144,0.12,COD,9060.48
906,2026-06-24,1368,East,Electronics,1,2532,0.14,Card,2177.52
907,2026-06-25,1408,East,Electronics,3,3261,0.04,Card,9391.68
908,2026-06-26,1823,West,Electronics,8,2568,0.02,Card,20133.12
909,2026-06-27,1928,East,Sports,3,741,0.25,UPI,1667.25
910,2026-06-28,1933,South,Electronics,4,3168,0.29,COD,8997.119999999999
911,2026-06-29,1116,South,Electronics,8,1302,0.12,UPI,9166.08
912,2026-06-30,1133,East,Electronics,1,4664,0.03,UPI,4524.08
913,2026-07-01,1057,East,Electronics,6,695,0.02,UPI,4086.6
914,2026-07-02,1555,West,Home,1,2687,0.27,Net Banking,1961.51
915,2026-07-03,1684,South,Electronics,1,4015,0.14,Net Banking,3452.9
916,2026-07-04,1671,South,Home,8,2830,0.1,Net Banking,20376.0
917,2026-07-05,1172,North,Sports,4,2859,0.14,COD,9834.96
918,2026-07-06,1828,West,Fashion,1,4106,0.1,UPI,3695.4
919,2026-07-07,1814,North,Electronics,7,776,0.15,UPI,4617.2
920,2026-07-08,1148,South,Fashion,5,560,0.26,Net Banking,2072.0
921,2026-07-09,1079,West,Fashion,5,3890,0.18,UPI,15949.000000000002
922,2026-07-10,1885,East,Sports,1,2413,0.21,UPI,1906.27
923,2026-07-11,1212,West,Fashion,6,4427,0.11,Card,23640.18
924,2026-07-12,1202,East,Home,9,3091,0.22,UPI,21698.82
925,2026-07-13,1763,East,Fashion,9,1066,0.2,Card,7675.200000000001
926,2026-07-14,1228,West,Fashion,8,4435,0.04,UPI,34060.799999999996
927,2026-07-15,1675,East,Fashion,5,2071,0.17,COD,8594.65
928,2026-07-16,1226,North,Electronics,1,1700,0.08,Net Banking,1564.0
929,2026-07-17,1658,South,Electronics,9,4909,0.24,Card,33577.56
930,2026-07-18,1531,East,Home,1,3354,0.13,Net Banking,2917.98
931,2026-07-19,1440,North,Home,8,3395,0.3,Card,19012.0
932,2026-07-20,1401,East,Electronics,5,1736,0.03,Card,8419.6
933,2026-07-21,1046,South,Home,3,636,0.23,Card,1469.16
934,2026-07-22,1232,North,Electronics,7,1529,0.2,COD,8562.4
935,2026-07-23,1304,South,Sports,7,2656,0.23,UPI,14315.84
936,2026-07-24,1525,South,Fashion,9,3094,0.09,Card,25339.86
937,2026-07-25,1142,North,Fashion,7,1161,0.15,COD,6907.95
938,2026-07-26,1414,North,Home,3,2972,0.24,Card,6776.16
939,2026-07-27,1512,North,Electronics,1,3177,0.07,UPI,2954.6099999999997
940,2026-07-28,1372,West,Electronics,8,2808,0.07,Card,20891.519999999997
941,2026-07-29,1565,North,Home,3,586,0.17,COD,1459.1399999999999
942,2026-07-30,1885,North,Electronics,8,3012,0.16,UPI,20240.64
943,2026-07-31,1258,North,Sports,8,3442,0.08,COD,25333.120000000003
944,2026-08-01,1655,North,Fashion,5,3273,0.09,UPI,14892.15
945,2026-08-02,1470,East,Home,1,3004,0.08,UPI,2763.6800000000003
946,2026-08-03,1952,West,Home,7,3810,0.23,Net Banking,20535.9
947,2026-08-04,1970,South,Electronics,5,2200,0.2,Net Banking,8800.0
948,2026-08-05,1011,North,Home,8,4170,0.25,Net Banking,25020.0
949,2026-08-06,1329,East,Sports,9,3200,0.29,UPI,20448.0
950,2026-08-07,1735,East,Electronics,7,4129,0.14,Card,24856.579999999998
951,2026-08-08,1783,East,Electronics,7,2147,0.02,COD,14728.42
952,2026-08-09,1967,South,Electronics,1,3818,0.01,COD,3779.82
953,2026-08-10,1357,North,Electronics,4,4187,0.09,COD,15240.68
954,2026-08-11,1971,West,Sports,2,1096,0.28,Net Banking,1578.24
955,2026-08-12,1407,West,Electronics,2,984,0.16,UPI,1653.12
956,2026-08-13,1667,East,Home,2,1145,0.08,Net Banking,2106.8
957,2026-08-14,1372,South,Sports,4,3589,0.12,Card,12633.28
958,2026-08-15,1007,South,Fashion,1,4884,0.18,UPI,4004.88
959,2026-08-16,1121,South,Fashion,4,1220,0.2,COD,3904.0
960,2026-08-17,1347,West,Home,2,998,0.05,Net Banking,1896.1999999999998
961,2026-08-18,1675,East,Home,5,2173,0.29,Net Banking,7714.15
962,2026-08-19,1089,North,Sports,3,3567,0.16,Card,8988.84
963,2026-08-20,1647,West,Fashion,8,614,0.04,Card,4715.5199999999995
964,2026-08-21,1697,East,Fashion,4,3479,0.27,Net Banking,10158.68
965,2026-08-22,1315,East,Fashion,1,2236,0.02,Card,2191.2799999999997
966,2026-08-23,1177,North,Fashion,1,4111,0.27,COD,3001.0299999999997
967,2026-08-24,1539,North,Fashion,3,2753,0.3,Card,5781.299999999999
968,2026-08-25,1731,North,Electronics,9,2794,0.21,Card,19865.34
969,2026-08-26,1868,South,Home,7,4130,0.23,Net Banking,22260.7
970,2026-08-27,1040,North,Electronics,2,646,0.1,Net Banking,1162.8
971,2026-08-28,1739,East,Fashion,9,4482,0.28,UPI,29043.36
972,2026-08-29,1703,North,Sports,2,3953,0.16,UPI,6641.04
973,2026-08-30,1922,East,Sports,3,2910,0.22,Net Banking,6809.400000000001
974,2026-08-31,1501,West,Fashion,2,636,0.28,Card,915.8399999999999
975,2026-09-01,1958,South,Fashion,3,3860,0.29,Card,8221.8
976,2026-09-02,1144,West,Sports,6,3505,0.25,UPI,15772.5
977,2026-09-03,1200,West,Electronics,9,4052,0.09,UPI,33185.880000000005
978,2026-09-04,1928,East,Electronics,9,518,0.29,UPI,3310.02
979,2026-09-05,1723,West,Fashion,7,2742,0.19,COD,15547.140000000001
980,2026-09-06,1460,East,Electronics,3,948,0.28,COD,2047.6799999999998
981,2026-09-07,1731,North,Sports,4,2448,0.2,UPI,7833.6
982,2026-09-08,1751,North,Electronics,6,1445,0.09,Card,7889.7
983,2026-09-09,1924,East,Fashion,5,4736,0.11,UPI,21075.2
984,2026-09-10,1908,North,Sports,2,2420,0.17,COD,4017.2
985,2026-09-11,1557,South,Electronics,6,3477,0.24,Card,15855.12
986,2026-09-12,1546,West,Home,3,4688,0.1,COD,12657.6
987,2026-09-13,1252,South,Sports,8,4515,0.17,Card,29979.6
988,2026-09-14,1389,West,Sports,2,738,0.1,COD,1328.4
989,2026-09-15,1593,North,Home,1,704,0.24,Card,535.04
990,2026-09-16,1882,South,Home,9,3107,0.14,Card,24048.18
991,2026-09-17,1255,North,Sports,3,4840,0.02,Card,14229.6
992,2026-09-18,1708,West,Home,1,3888,0.05,Card,3693.6
993,2026-09-19,1814,East,Fashion,7,3472,0.02,Net Banking,23817.92
994,2026-09-20,1920,East,Fashion,5,4890,0.15,COD,20782.5
995,2026-09-21,1449,South,Fashion,5,3187,0.03,COD,15456.949999999999
996,2026-09-22,1009,North,Sports,1,4666,0.03,Net Banking,4526.0199999999995
997,2026-09-23,1823,North,Home,9,1848,0.28,Card,11975.039999999999
998,2026-09-24,1797,South,Home,7,4900,0.26,Card,25382.0
999,2026-09-25,1241,East,Electronics,8,1316,0.14,COD,9054.08
1000,2026-09-26,1250,West,Electronics,9,1320,0.3,Net Banking,8316.0
